Nom;Prenom;Telephone;Courriel;"Code d'erreurs"
BOUILLON;Gwenola;"06 32 48 17 23";-;"Email invalide"
DANIEL-SASAKI;Yumi;"06 42 01 35 32";-;"Email invalide"
JULIEN;Chantal;"06 51 08 12 75";"chantal;julien1955@orange.fr";"Email invalide"
BERTIN;Yves;"06 26 40 37 46";"bertin.yves35@orange;fr";"Email invalide"
BURTON;Rosemary;"06 50 92 59 04";"colin;burton@orange.fr";"Email invalide"
"CABANILLAS DE LA TORRE";Gadea;"06 44 20 28 38";gadea.cabanillasdlt@gmail.comsdlt@gmail.com;"Email invalide"
CHIAZZO;Bénédicte;"06 48 74 84 85";-;"Email invalide"
DELAPLACE;Solène;"07 83 81 59 82";"solene;dlpc@gmail.com";"Email invalide"
DELAUNAY;Marie-Christine;-;-;"Email invalide"
LABOUS;Marie-Anne;"06 15 92 30 94";"labousnollet@free;fr";"Email invalide"
LANG;Guillaume;"06 13 07 23 46";artémis.redbird@gmail.com;"Email invalide"
MAHOMED;Sailone;"07 67 75 98 07";bretagnechigoma@gmail;"Email invalide"
MEIGNAN-LAIRY;Christine;"06031 88 33 46";christine@meignan-lairy.bzh;"Telephone invalide"
MORINEAU;Julien;"06 72 56 28 76";"julien.cairne;morineau@gmail.com";"Email invalide"
NICOLAS;Loïc;-;-;"Email invalide"
PAULIC;Magali;"60 41 93 87 53";058.madtrs29@gmail.com;"Telephone invalide"
PEZENNEC;Claudine;"06 67 43 55 47";-;"Email invalide"
RAGEUL;Anthony;"06 23 30 69 86";anthony.rageul@yahoo;"Email invalide"
ROUX;Jean-Yves;"06 81 00 13 50";"roux;jeanyves@yahoo.fr";"Email invalide"
SAINT-JALME;Jérôme;"06 09 83 59 97";jerome.sjalme.hotmail.fr;"Email invalide"
SILVANI;Malo;"07 81 38 68 30";"malo;silvani@gmail.com";"Email invalide"
VINGADASSALOM;Elfried;"07 86 73 91 05";-;"Email invalide"
